ganciclovir,acyclovir,travoprost,latanoprost,uveitis
metipranolol,timolol,foscarnet,acyclovir,sulcal
triamcinolone,fluocinolone,carteolol,betaxolol,orbital
ciprofloxacin,moxifloxacin,valganciclovir,acyclovir,glaucoma
ketorolac,nepafenac,timolol,carteolol,visual
metipranolol,betaxolol,erythromycin,azithromycin,retina
ganciclovir,foscarnet,diclofenac,ketorolac,retina
dorzolamide,brinzolamide,fluconazole,voriconazole,lens
travoprost,bimatoprost,ciprofloxacin,moxifloxacin,ketorolac
dorzolamide,brinzolamide,metipranolol,carteolol,remission
ciprofloxacin,besifloxacin,diclofenac,ketorolac,orbital
ganciclovir,foscarnet,ketorolac,nepafenac,retina
dorzolamide,brinzolamide,bromfenac,ketorolac,ophthalmic
valganciclovir,foscarnet,ciprofloxacin,besifloxacin,conjunctiva
metipranolol,carteolol,ganciclovir,acyclovir,conjunctivitis
dexamethasone,fluorometholone,levofloxacin,gatifloxacin,glaucoma
betaxolol,timolol,fluorometholone,fluocinolone,canthal
levofloxacin,gatifloxacin,travoprost,bimatoprost,eyelid
fluocinolone,prednisolone,levofloxacin,gatifloxacin,retina
metipranolol,timolol,dorzolamide,brinzolamide,nonexudative
dexamethasone,prednisolone,brimonidine,apraclonidine,canthoplasty
nepafenac,bromfenac,gatifloxacin,ciprofloxacin,vasculitis
triamcinolone,prednisolone,bimatoprost,latanoprost,thyroidectomy
triamcinolone,fluocinolone,gatifloxacin,ciprofloxacin,eyelid
metipranolol,timolol,bromfenac,ketorolac,conjunctivitis
cell,cellular,endothelium,endothelial,retina
fovea,foveal,nose,nasal,canthal
face,facial,eye,ophthalmic,anterior
arteriole,arteriolar,nodule,nodular,canthoplasty
capsule,capsular,retina,retinal,vmt
cell,cellular,mucosa,mucosal,palpebral
epithelium,epithelial,surgery,surgical,retina
stroma,stromal,choroid,choroidal,vmt
sclera,scleral,artery,arterial,conjunctiva
uvea,uveal,vision,visual,amd
fovea,foveal,retina,retinal,untreated
nose,nasal,sulcus,sulcal,abnormal
eye,ophthalmic,canthus,canthal,cornea
limbus,limbal,canthus,canthal,keratoplasty
limbus,limbal,orbit,orbital,lens
surgery,surgical,uvea,uveal,eyelid
orbit,orbital,face,facial,cornea
capsule,capsular,eyelid,palpebral,conjunctiva
cell,cellular,vision,visual,retinoblastoma
lamella,lamellar,stroma,stromal,thyroiditis
capsule,capsular,cell,cellular,lens
punctum,punctal,sulcus,sulcal,glaucoma
orbit,orbital,epithelium,epithelial,vitrectomy
choroid,choroidal,epithelium,epithelial,uveitis
face,facial,eyelid,palpebral,conjunctiva
trachoma,conjunctiva,erm,retina,eyelid
pseudoexfoliation,lens,brvo,retina,acyclovir
ectropion,eyelid,amd,retina,ketorolac
stye,eyelid,amd,retina,latent
crao,retina,ptosis,eyelid,cornea
pterygium,conjunctiva,fuchs,cornea,retinoblastoma
trachoma,conjunctiva,entropion,eyelid,ophthalmic
brvo,retina,keratoconus,cornea,ciprofloxacin
keratoconus,cornea,pseudoexfoliation,lens,canaloplasty
slk,conjunctiva,brvo,retina,glaucoma
cws,retina,pterygium,conjunctiva,phlebitis
brao,retina,ptosis,eyelid,cornea
erm,retina,keratoconus,cornea,vasculitis
crao,retina,ppmd,cornea,glaucoma
pseudoexfoliation,lens,fuchs,cornea,retinitis
cataract,lens,keratoconus,cornea,nodular
rop,retina,pterygium,conjunctiva,thyroiditis
trachoma,conjunctiva,rrd,retina,untreated
slk,conjunctiva,rop,retina,amd
keratoconus,cornea,slk,conjunctiva,lensectomy
drusen,retina,entropion,eyelid,carteolol
ppmd,cornea,chalazion,eyelid,capsulotomy
puk,cornea,slk,conjunctiva,hyperopia
trachoma,conjunctiva,crao,retina,orbital
slk,conjunctiva,erm,retina,ciprofloxacin
uvea,uveitis,choroid,choroiditis,epithelial
uvea,uveitis,conjunctiva,conjunctivitis,eyelid
thyroid,thyroiditis,skin,dermatitis,retina
vitreous,vitritis,nerve,neuritis,conjunctivitis
retina,retinitis,thyroid,thyroiditis,scleritis
vein,phlebitis,sclera,scleritis,amd
vein,phlebitis,retina,retinitis,nodular
skin,dermatitis,choroid,choroiditis,neuritis
vein,phlebitis,conjunctiva,conjunctivitis,choroiditis
vitreous,vitritis,artery,arteritis,iridotomy
artery,arteritis,nerve,neuritis,canthal
sclera,scleritis,vitreous,vitritis,lens
nerve,neuritis,vein,phlebitis,eyelid
vitreous,vitritis,retina,retinitis,facial
conjunctiva,conjunctivitis,skin,dermatitis,sclerotomy
skin,dermatitis,vitreous,vitritis,hsv
nerve,neuritis,sclera,scleritis,eyelid
retina,retinitis,conjunctiva,conjunctivitis,orbital
choroid,choroiditis,thyroid,thyroiditis,conjunctivitis
thyroid,thyroiditis,vein,phlebitis,canthoplasty
skin,dermatitis,uvea,uveitis,glaucoma
uvea,uveitis,vasculature,vasculitis,canaloplasty
cornea,keratitis,choroid,choroiditis,hypointense
vein,phlebitis,eyelid,blepharitis,canaloplasty
choroid,choroiditis,sclera,scleritis,lensectomy
acyclovir,hsv,ocriplasmin,vmt,scleritis
pilocarpine,glaucoma,aflibercept,amd,conjunctiva
brimonidine,glaucoma,melphalan,retinoblastoma,lens
methazolamide,glaucoma,ranibizumab,amd,sclerotomy
bevacizumab,amd,acetazolamide,glaucoma,lensectomy
brinzolamide,glaucoma,acyclovir,hsv,nepafenac
pyrimethamine,toxoplasmosis,valacyclovir,hsv,latent
brinzolamide,glaucoma,melphalan,retinoblastoma,canthoplasty
timolol,glaucoma,melphalan,retinoblastoma,vmt
melphalan,retinoblastoma,bimatoprost,glaucoma,lensectomy
ocriplasmin,vmt,ranibizumab,amd,retina
brinzolamide,glaucoma,bevacizumab,amd,epithelial
valacyclovir,hsv,brinzolamide,glaucoma,canaloplasty
bevacizumab,amd,latanoprost,glaucoma,external
acyclovir,hsv,melphalan,retinoblastoma,ketorolac
dorzolamide,glaucoma,ocriplasmin,vmt,hypoglycemic
acyclovir,hsv,methazolamide,glaucoma,palpebral
pyrimethamine,toxoplasmosis,ocriplasmin,vmt,retina
travoprost,glaucoma,trifluridine,hsv,hypoechoic
acetazolamide,glaucoma,ocriplasmin,vmt,eyelid
acetazolamide,glaucoma,acyclovir,hsv,surgical
aflibercept,amd,methazolamide,glaucoma,retina
bevacizumab,amd,bimatoprost,glaucoma,front
aflibercept,amd,timolol,glaucoma,cellular
valacyclovir,hsv,acetazolamide,glaucoma,retinitis
sclera,sclerotomy,thyroid,thyroidectomy,conjunctivitis
iris,iridotomy,canal,canaloplasty,hypodense
lens,lensectomy,thyroid,thyroidectomy,abduction
sclera,sclerotomy,capsule,capsulotomy,glaucoma
eyelid,blepharoplasty,canal,canaloplasty,canthoplasty
cornea,keratectomy,iris,iridotomy,scleritis
cornea,keratectomy,capsule,capsulotomy,hsv
canal,canaloplasty,sclera,sclerotomy,hypodense
capsule,capsulotomy,canal,canaloplasty,conjunctivitis
thyroid,thyroidectomy,canal,canaloplasty,hypoplastic
canal,canaloplasty,lens,lensectomy,dermatitis
vitreous,vitrectomy,canal,canaloplasty,retina
capsule,capsulotomy,lens,lensectomy,blepharitis
lens,lensectomy,canthus,canthoplasty,conjunctiva
sclera,sclerotomy,iris,iridotomy,amd
canal,canaloplasty,cornea,keratoplasty,anterior
cornea,keratectomy,sclera,sclerotomy,intramedullary
eyelid,blepharoplasty,vitreous,vitrectomy,retina
vitreous,vitrectomy,canthus,canthoplasty,scleritis
cornea,keratectomy,lens,lensectomy,moxifloxacin
eyelid,blepharoplasty,canthus,canthoplasty,cornea
iris,iridotomy,vitreous,vitrectomy,hsv
thyroid,thyroidectomy,iris,iridotomy,acyclovir
cornea,keratoplasty,cornea,keratectomy,phlebitis
lens,lensectomy,vitreous,vitrectomy,retina
ectropion,eyelid,brvo,retina,hypoventilation
brao,retina,pterygium,conjunctiva,vasculitis
crao,retina,ptosis,eyelid,cellular
spk,cornea,ocp,conjunctiva,hsv
ocp,conjunctiva,ppmd,cornea,mucosal
drusen,retina,slk,conjunctiva,mucosal
cws,retina,chalazion,eyelid,canthal
pterygium,conjunctiva,brvo,retina,retinoblastoma
rrd,retina,entropion,eyelid,mydriasis
cin,conjunctiva,pohs,retina,ciprofloxacin
cataract,lens,fuchs,cornea,apraclonidine
rop,retina,ectropion,eyelid,sulcal
cws,retina,ocp,conjunctiva,latanoprost
rop,retina,ppmd,cornea,choroiditis
chalazion,eyelid,csr,retina,intramedullary
spk,cornea,pohs,retina,amd
cws,retina,ptosis,eyelid,iridotomy
drusen,retina,pseudoexfoliation,lens,choroiditis
slk,conjunctiva,chalazion,eyelid,hypoplastic
drusen,retina,pterygium,conjunctiva,glaucoma
pohs,retina,puk,cornea,palpebral
puk,cornea,pterygium,conjunctiva,remission
ocp,conjunctiva,pseudoexfoliation,lens,neuritis
crvo,retina,cin,conjunctiva,voriconazole
trachoma,conjunctiva,csr,retina,glaucoma
hyperthyroid,hypothyroid,hyperglycemic,hypoglycemic,conjunctiva
inpatient,outpatient,acute,chronic,latent
left,right,os,od,cornea
hyperechoic,hypoechoic,hyperintense,hypointense,hsv
sympathetic,parasympathetic,miosis,mydriasis,vitrectomy
superior,inferior,supraorbital,infraorbital,endothelial
hyperpigmented,hypopigmented,hyperplastic,hypoplastic,vasculitis
hyperintense,hypointense,hyperdense,hypodense,external
healthy,diseased,normal,abnormal,vitritis
intraocular,extraocular,internal,external,abduction
near,distance,myopia,hyperopia,retinitis
symptomatic,asymptomatic,manifest,latent,canaloplasty
sagittal,coronal,side,front,conjunctiva
controlled,uncontrolled,treated,untreated,keratectomy
dorsal,ventral,posterior,anterior,glaucoma
active,dormant,relapsed,remission,bimatoprost
hypertension,hypotension,hyperventilation,hypoventilation,eyelid
mild,severe,early,late,dermatitis
artery,vein,arteritis,phlebitis,conjunctiva
medial,lateral,adduction,abduction,nasal
hyperdense,hypodense,hyperechoic,hypoechoic,progressed
wet,dry,exudative,nonexudative,remission
improved,worsened,regressed,progressed,eyelid
photopic,scotopic,light,dark,hypointense
extracranial,intracranial,extramedullary,intramedullary,retina
